satellites, start_query, end_query, longitude, latitude, start_overpass, end_overpass
SENTINEL-5P;CALIPSO,2020-05-06 12:00:00+00:00,2020-05-19 15:00:00+00:00,161.9454983697631,-49.551399804479864,2020-05-19 14:35:00+00:00,2020-05-19 14:50:00+00:00
SENTINEL-5P;CALIPSO,2020-05-06 12:00:00+00:00,2020-05-19 15:00:00+00:00,-152.2560406858539,-56.81296416294686,2020-05-19 11:20:00+00:00,2020-05-19 14:25:00+00:00
SENTINEL-5P;CALIPSO,2020-05-06 12:00:00+00:00,2020-05-19 15:00:00+00:00,-22.80234343781615,-20.583482801160134,2020-05-17 03:20:00+00:00,2020-05-17 06:30:00+00:00
SENTINEL-5P;CALIPSO,2020-05-06 12:00:00+00:00,2020-05-19 15:00:00+00:00,-97.40062439307248,70.67424228479571,2020-05-14 18:55:00+00:00,2020-05-14 22:30:00+00:00
SENTINEL-5P;CALIPSO,2020-05-06 12:00:00+00:00,2020-05-19 15:00:00+00:00,-11.903071373774143,45.672999433358676,2020-05-12 14:15:00+00:00,2020-05-12 14:35:00+00:00
SENTINEL-5P;CALIPSO,2020-05-06 12:00:00+00:00,2020-05-19 15:00:00+00:00,34.34233545995953,53.001907224242395,2020-05-12 11:00:00+00:00,2020-05-12 14:10:00+00:00
SENTINEL-5P;CALIPSO,2020-05-06 12:00:00+00:00,2020-05-19 15:00:00+00:00,158.28519810373533,34.70117477988276,2020-05-10 03:05:00+00:00,2020-05-10 06:10:00+00:00
SENTINEL-5P;CALIPSO,2020-05-06 12:00:00+00:00,2020-05-19 15:00:00+00:00,41.785277935392685,-81.31388467225884,2020-05-07 18:40:00+00:00,2020-05-07 22:15:00+00:00

